{"cameraMode":{"drawMode":0,"name":"Shaded","section":"Shading Mode"},"sceneLighting":false,"audioPlay":false,"sceneViewState":{"m_AlwaysRefresh":false,"showFog":true,"showSkybox":false,"showFlares":true,"showImageEffects":true,"showParticleSystems":true,"showVisualEffectGraphs":true,"m_FxEnabled":true},"in2DMode":false,"pivot":{"x":-0.5649999380111694,"y":-1.309999942779541,"z":0.28999996185302737},"rotation":{"x":0.17831218242645265,"y":-0.7085652351379395,"z":0.19291281700134278,"w":0.6549636721611023},"size":5.634742736816406,"orthographic":false}