{"cameraMode":{"drawMode":0,"name":"Shaded","section":"Shading Mode"},"sceneLighting":true,"audioPlay":false,"sceneViewState":{"m_AlwaysRefresh":false,"showFog":true,"showSkybox":true,"showFlares":true,"showImageEffects":true,"showParticleSystems":true,"showVisualEffectGraphs":true,"m_FxEnabled":true},"in2DMode":false,"pivot":{"x":16.068819046020509,"y":-4.905355453491211,"z":9.540254592895508},"rotation":{"x":0.353902131319046,"y":-0.019346944987773896,"z":0.0073313405737280849,"w":0.9350830912590027},"size":13.553062438964844,"orthographic":false}