{"cameraMode":{"drawMode":0,"name":"Shaded","section":"Shading Mode"},"sceneLighting":true,"audioPlay":false,"sceneViewState":{"m_AlwaysRefresh":false,"showFog":true,"showSkybox":true,"showFlares":true,"showImageEffects":true,"showParticleSystems":true,"showVisualEffectGraphs":true,"m_FxEnabled":true},"in2DMode":false,"pivot":{"x":3.072615623474121,"y":5.380070686340332,"z":17.592954635620118},"rotation":{"x":0.2987581193447113,"y":-0.12945133447647096,"z":0.04094810038805008,"w":0.9446492791175842},"size":13.588419914245606,"orthographic":false}