{"cameraMode":{"drawMode":0,"name":"Shaded","section":"Shading Mode"},"sceneLighting":true,"audioPlay":false,"sceneViewState":{"m_AlwaysRefresh":false,"showFog":true,"showSkybox":true,"showFlares":true,"showImageEffects":true,"showParticleSystems":true,"showVisualEffectGraphs":true,"m_FxEnabled":true},"in2DMode":false,"pivot":{"x":17.361852645874025,"y":0.4126911163330078,"z":-10.376147270202637},"rotation":{"x":0.2742784917354584,"y":-0.43644478917121889,"z":0.14164623618125916,"w":0.8451521396636963},"size":10.629291534423829,"orthographic":false}