{"cameraMode":{"drawMode":0,"name":"Shaded","section":"Shading Mode"},"sceneLighting":true,"audioPlay":false,"sceneViewState":{"m_AlwaysRefresh":false,"showFog":true,"showSkybox":false,"showFlares":true,"showImageEffects":true,"showParticleSystems":true,"showVisualEffectGraphs":true,"m_FxEnabled":true},"in2DMode":false,"pivot":{"x":-0.637200117111206,"y":-1.1719741821289063,"z":0.1099998950958252},"rotation":{"x":0.12181113660335541,"y":-0.8539217114448547,"z":0.23111431300640107,"w":0.4501219689846039},"size":5.0736002922058109,"orthographic":false}