{"cameraMode":{"drawMode":0,"name":"Shaded","section":"Shading Mode"},"sceneLighting":false,"audioPlay":false,"sceneViewState":{"m_AlwaysRefresh":false,"showFog":true,"showSkybox":false,"showFlares":true,"showImageEffects":true,"showParticleSystems":true,"showVisualEffectGraphs":true,"m_FxEnabled":true},"in2DMode":false,"pivot":{"x":0.10779547691345215,"y":5.903282165527344,"z":0.4718339443206787},"rotation":{"x":-0.34730905294418337,"y":-0.07248403131961823,"z":0.02693134918808937,"w":-0.9345641136169434},"size":10.649181365966797,"orthographic":false}